{
  "products-get-by-id" : {
    "transaction" : "products-get-by-id",
    "sampleCount" : 50,
    "errorCount" : 0,
    "errorPct" : 0.0,
    "meanResTime" : 2163.62,
    "medianResTime" : 193.0,
    "minResTime" : 64.0,
    "maxResTime" : 47234.0,
    "pct1ResTime" : 1251.8999999999999,
    "pct2ResTime" : 21520.54999999983,
    "pct3ResTime" : 47234.0,
    "throughput" : 0.7168972686214066,
    "receivedKBytesPerSec" : 0.29874453365832676,
    "sentKBytesPerSec" : 0.2863388504552297
  },
  "products-get-item-comment" : {
    "transaction" : "products-get-item-comment",
    "sampleCount" : 50,
    "errorCount" : 0,
    "errorPct" : 0.0,
    "meanResTime" : 1489.0200000000002,
    "medianResTime" : 154.5,
    "minResTime" : 31.0,
    "maxResTime" : 19282.0,
    "pct1ResTime" : 1501.3999999999999,
    "pct2ResTime" : 16508.2,
    "pct3ResTime" : 19282.0,
    "throughput" : 0.6283617352837682,
    "receivedKBytesPerSec" : 0.2147720774895692,
    "sentKBytesPerSec" : 0.2564992239732569
  },
  "products-set-item-comment" : {
    "transaction" : "products-set-item-comment",
    "sampleCount" : 50,
    "errorCount" : 0,
    "errorPct" : 0.0,
    "meanResTime" : 1406.3600000000001,
    "medianResTime" : 157.5,
    "minResTime" : 33.0,
    "maxResTime" : 17426.0,
    "pct1ResTime" : 1425.1,
    "pct2ResTime" : 14467.899999999983,
    "pct3ResTime" : 17426.0,
    "throughput" : 0.7108128856159905,
    "receivedKBytesPerSec" : 0.24156531659605926,
    "sentKBytesPerSec" : 0.35124152355633903
  },
  "products-delete-item-invalid" : {
    "transaction" : "products-delete-item-invalid",
    "sampleCount" : 50,
    "errorCount" : 0,
    "errorPct" : 0.0,
    "meanResTime" : 1446.34,
    "medianResTime" : 113.5,
    "minResTime" : 28.0,
    "maxResTime" : 45964.0,
    "pct1ResTime" : 432.09999999999997,
    "pct2ResTime" : 8595.899999999923,
    "pct3ResTime" : 45964.0,
    "throughput" : 0.6328793478811199,
    "receivedKBytesPerSec" : 0.20271916611817123,
    "sentKBytesPerSec" : 0.3040787491772568
  },
  "categories-get-by-id" : {
    "transaction" : "categories-get-by-id",
    "sampleCount" : 50,
    "errorCount" : 0,
    "errorPct" : 0.0,
    "meanResTime" : 4105.0199999999995,
    "medianResTime" : 140.0,
    "minResTime" : 28.0,
    "maxResTime" : 44314.0,
    "pct1ResTime" : 17221.3,
    "pct2ResTime" : 34106.74999999993,
    "pct3ResTime" : 44314.0,
    "throughput" : 0.6361161293605762,
    "receivedKBytesPerSec" : 0.2093468121040177,
    "sentKBytesPerSec" : 0.2534525202921045
  },
  "categories-get-all-category" : {
    "transaction" : "categories-get-all-category",
    "sampleCount" : 50,
    "errorCount" : 0,
    "errorPct" : 0.0,
    "meanResTime" : 1940.2200000000003,
    "medianResTime" : 263.0,
    "minResTime" : 111.0,
    "maxResTime" : 46398.0,
    "pct1ResTime" : 1320.0999999999995,
    "pct2ResTime" : 17034.299999999996,
    "pct3ResTime" : 46398.0,
    "throughput" : 0.6343245711965898,
    "receivedKBytesPerSec" : 32.61914994164214,
    "sentKBytesPerSec" : 0.25149978115802296
  },
  "products-create-item" : {
    "transaction" : "products-create-item",
    "sampleCount" : 50,
    "errorCount" : 0,
    "errorPct" : 0.0,
    "meanResTime" : 10039.26,
    "medianResTime" : 5541.5,
    "minResTime" : 2576.0,
    "maxResTime" : 53551.0,
    "pct1ResTime" : 23743.8,
    "pct2ResTime" : 44112.949999999924,
    "pct3ResTime" : 53551.0,
    "throughput" : 0.6785733673524781,
    "receivedKBytesPerSec" : 0.2827742454264155,
    "sentKBytesPerSec" : 0.3941954622102492
  },
  "orders-create-order" : {
    "transaction" : "orders-create-order",
    "sampleCount" : 50,
    "errorCount" : 0,
    "errorPct" : 0.0,
    "meanResTime" : 2399.5000000000005,
    "medianResTime" : 217.0,
    "minResTime" : 70.0,
    "maxResTime" : 43355.0,
    "pct1ResTime" : 9550.8,
    "pct2ResTime" : 17171.14999999999,
    "pct3ResTime" : 43355.0,
    "throughput" : 0.6353482343672567,
    "receivedKBytesPerSec" : 0.25066473309020676,
    "sentKBytesPerSec" : 0.3226377752646225
  },
  "auth-login-invalid" : {
    "transaction" : "auth-login-invalid",
    "sampleCount" : 50,
    "errorCount" : 0,
    "errorPct" : 0.0,
    "meanResTime" : 2041.18,
    "medianResTime" : 184.0,
    "minResTime" : 44.0,
    "maxResTime" : 20326.0,
    "pct1ResTime" : 16370.899999999976,
    "pct2ResTime" : 18190.2,
    "pct3ResTime" : 20326.0,
    "throughput" : 2.365296371635366,
    "receivedKBytesPerSec" : 0.7137466590188751,
    "sentKBytesPerSec" : 1.224225661100336
  },
  "orders-get-by-id" : {
    "transaction" : "orders-get-by-id",
    "sampleCount" : 50,
    "errorCount" : 0,
    "errorPct" : 0.0,
    "meanResTime" : 239.08000000000004,
    "medianResTime" : 182.0,
    "minResTime" : 47.0,
    "maxResTime" : 1455.0,
    "pct1ResTime" : 412.4999999999999,
    "pct2ResTime" : 860.5499999999963,
    "pct3ResTime" : 1455.0,
    "throughput" : 0.6357602420975003,
    "receivedKBytesPerSec" : 0.24461868690079597,
    "sentKBytesPerSec" : 0.2508272830150294
  },
  "products-delete-item" : {
    "transaction" : "products-delete-item",
    "sampleCount" : 50,
    "errorCount" : 0,
    "errorPct" : 0.0,
    "meanResTime" : 1889.8600000000004,
    "medianResTime" : 127.0,
    "minResTime" : 39.0,
    "maxResTime" : 43969.0,
    "pct1ResTime" : 411.69999999999993,
    "pct2ResTime" : 20908.549999999956,
    "pct3ResTime" : 43969.0,
    "throughput" : 0.6323670764405321,
    "receivedKBytesPerSec" : 0.17600060232964032,
    "sentKBytesPerSec" : 0.30568525667779634
  },
  "products-set-item-rating-invalid" : {
    "transaction" : "products-set-item-rating-invalid",
    "sampleCount" : 50,
    "errorCount" : 0,
    "errorPct" : 0.0,
    "meanResTime" : 1194.68,
    "medianResTime" : 319.5,
    "minResTime" : 66.0,
    "maxResTime" : 27521.0,
    "pct1ResTime" : 1183.299999999999,
    "pct2ResTime" : 7305.599999999945,
    "pct3ResTime" : 27521.0,
    "throughput" : 0.7070435680246617,
    "receivedKBytesPerSec" : 0.2748079492908353,
    "sentKBytesPerSec" : 0.338331394855551
  },
  "categories-create-cateogry" : {
    "transaction" : "categories-create-cateogry",
    "sampleCount" : 50,
    "errorCount" : 1,
    "errorPct" : 2.0,
    "meanResTime" : 1770.3600000000001,
    "medianResTime" : 144.5,
    "minResTime" : 42.0,
    "maxResTime" : 60032.0,
    "pct1ResTime" : 478.0,
    "pct2ResTime" : 9407.199999999924,
    "pct3ResTime" : 60032.0,
    "throughput" : 0.6325270721586884,
    "receivedKBytesPerSec" : 0.2317742265775225,
    "sentKBytesPerSec" : 0.3184131398011335
  },
  "products-set-item-rating" : {
    "transaction" : "products-set-item-rating",
    "sampleCount" : 50,
    "errorCount" : 0,
    "errorPct" : 0.0,
    "meanResTime" : 1936.5799999999995,
    "medianResTime" : 337.0,
    "minResTime" : 69.0,
    "maxResTime" : 40034.0,
    "pct1ResTime" : 1590.8999999999985,
    "pct2ResTime" : 18357.149999999983,
    "pct3ResTime" : 40034.0,
    "throughput" : 0.7106714423787595,
    "receivedKBytesPerSec" : 0.2961501151287737,
    "sentKBytesPerSec" : 0.3400673894195236
  },
  "orders-get-all-orders" : {
    "transaction" : "orders-get-all-orders",
    "sampleCount" : 50,
    "errorCount" : 2,
    "errorPct" : 4.0,
    "meanResTime" : 40108.42000000001,
    "medianResTime" : 39876.5,
    "minResTime" : 31110.0,
    "maxResTime" : 60026.0,
    "pct1ResTime" : 50881.499999999985,
    "pct2ResTime" : 58989.09999999999,
    "pct3ResTime" : 60026.0,
    "throughput" : 0.453079125738519,
    "receivedKBytesPerSec" : 0.15739190098408787,
    "sentKBytesPerSec" : 0.17075419551270435
  },
  "Total" : {
    "transaction" : "Total",
    "sampleCount" : 1100,
    "errorCount" : 3,
    "errorPct" : 0.27272728,
    "meanResTime" : 4657.7954545454495,
    "medianResTime" : 218.0,
    "minResTime" : 22.0,
    "maxResTime" : 60032.0,
    "pct1ResTime" : 17624.899999999994,
    "pct2ResTime" : 38258.850000000086,
    "pct3ResTime" : 50033.72000000002,
    "throughput" : 8.317769023115837,