{
  "products-get-by-id" : {
    "transaction" : "products-get-by-id",
    "sampleCount" : 100,
    "errorCount" : 3,
    "errorPct" : 3.0,
    "meanResTime" : 7878.409999999999,
    "medianResTime" : 342.5,
    "minResTime" : 50.0,
    "maxResTime" : 60136.0,
    "pct1ResTime" : 31207.400000000012,
    "pct2ResTime" : 49042.89999999995,
    "pct3ResTime" : 60135.56,
    "throughput" : 0.5092894393741851,
    "receivedKBytesPerSec" : 0.4844317380266053,
    "sentKBytesPerSec" : 0.19727505481227592
  },
  "products-get-item-comment" : {
    "transaction" : "products-get-item-comment",
    "sampleCount" : 100,
    "errorCount" : 5,
    "errorPct" : 5.0,
    "meanResTime" : 5802.67,
    "medianResTime" : 170.5,
    "minResTime" : 28.0,
    "maxResTime" : 60038.0,
    "pct1ResTime" : 23820.300000000025,
    "pct2ResTime" : 40085.6,
    "pct3ResTime" : 60037.89,
    "throughput" : 0.4766489671016883,
    "receivedKBytesPerSec" : 0.18636788422673237,
    "sentKBytesPerSec" : 0.18868596221126988
  },
  "products-set-item-comment" : {
    "transaction" : "products-set-item-comment",
    "sampleCount" : 100,
    "errorCount" : 5,
    "errorPct" : 5.0,
    "meanResTime" : 4673.389999999999,
    "medianResTime" : 206.0,
    "minResTime" : 21.0,
    "maxResTime" : 60042.0,
    "pct1ResTime" : 18100.700000000015,
    "pct2ResTime" : 28171.049999999945,
    "pct3ResTime" : 60041.78,
    "throughput" : 0.47637648986747205,
    "receivedKBytesPerSec" : 0.18605200155536925,
    "sentKBytesPerSec" : 0.22828854600367762
  },
  "products-delete-item-invalid" : {
    "transaction" : "products-delete-item-invalid",
    "sampleCount" : 100,
    "errorCount" : 4,
    "errorPct" : 4.0,
    "meanResTime" : 5872.049999999997,
    "medianResTime" : 149.0,
    "minResTime" : 29.0,
    "maxResTime" : 60041.0,
    "pct1ResTime" : 19248.50000000001,
    "pct2ResTime" : 50000.94999999994,
    "pct3ResTime" : 60040.94,
    "throughput" : 0.47704461321222763,
    "receivedKBytesPerSec" : 0.18584241904552914,
    "sentKBytesPerSec" : 0.22003682784414
  },
  "categories-get-by-id" : {
    "transaction" : "categories-get-by-id",
    "sampleCount" : 100,
    "errorCount" : 0,
    "errorPct" : 0.0,
    "meanResTime" : 6251.72,
    "medianResTime" : 226.0,
    "minResTime" : 33.0,
    "maxResTime" : 53979.0,
    "pct1ResTime" : 21349.200000000008,
    "pct2ResTime" : 38026.44999999999,
    "pct3ResTime" : 53952.11999999999,
    "throughput" : 0.4385022517090625,
    "receivedKBytesPerSec" : 0.14431177619722077,
    "sentKBytesPerSec" : 0.1747157409153296
  },
  "categories-get-all-category" : {
    "transaction" : "categories-get-all-category",
    "sampleCount" : 100,
    "errorCount" : 0,
    "errorPct" : 0.0,
    "meanResTime" : 4178.2,
    "medianResTime" : 242.5,
    "minResTime" : 99.0,
    "maxResTime" : 50431.0,
    "pct1ResTime" : 16447.300000000003,
    "pct2ResTime" : 32922.09999999988,
    "pct3ResTime" : 50420.329999999994,
    "throughput" : 0.4381506537207754,
    "receivedKBytesPerSec" : 22.714239067867346,
    "sentKBytesPerSec" : 0.17371988809632305
  },
  "products-create-item" : {
    "transaction" : "products-create-item",
    "sampleCount" : 100,
    "errorCount" : 2,
    "errorPct" : 2.0,
    "meanResTime" : 12219.920000000004,
    "medianResTime" : 5597.0,
    "minResTime" : 225.0,
    "maxResTime" : 60041.0,
    "pct1ResTime" : 35483.9,
    "pct2ResTime" : 43996.94999999994,
    "pct3ResTime" : 60040.84,
    "throughput" : 0.5896817487601942,
    "receivedKBytesPerSec" : 0.26502278751407865,
    "sentKBytesPerSec" : 0.33570397681371367
  },
  "orders-create-order" : {
    "transaction" : "orders-create-order",
    "sampleCount" : 100,
    "errorCount" : 3,
    "errorPct" : 3.0,
    "meanResTime" : 7648.42,
    "medianResTime" : 256.5,
    "minResTime" : 47.0,
    "maxResTime" : 60146.0,
    "pct1ResTime" : 31208.000000000004,
    "pct2ResTime" : 50069.99999999998,
    "pct3ResTime" : 60144.85,
    "throughput" : 0.43830044618985425,
    "receivedKBytesPerSec" : 0.19471411716428377,
    "sentKBytesPerSec" : 0.21589721197086179
  },
  "auth-login-invalid" : {
    "transaction" : "auth-login-invalid",
    "sampleCount" : 100,
    "errorCount" : 4,
    "errorPct" : 4.0,
    "meanResTime" : 6156.719999999999,
    "medianResTime" : 202.5,
    "minResTime" : 21.0,
    "maxResTime" : 60039.0,
    "pct1ResTime" : 19353.1,
    "pct2ResTime" : 39231.899999999994,
    "pct3ResTime" : 60038.99,
    "throughput" : 1.1950143999235192,
    "receivedKBytesPerSec" : 0.44425593922156764,
    "sentKBytesPerSec" : 0.5937727799619985
  },
  "orders-get-by-id" : {
    "transaction" : "orders-get-by-id",
    "sampleCount" : 100,
    "errorCount" : 0,
    "errorPct" : 0.0,
    "meanResTime" : 4211.050000000001,
    "medianResTime" : 208.5,
    "minResTime" : 30.0,
    "maxResTime" : 44200.0,
    "pct1ResTime" : 19149.5,
    "pct2ResTime" : 28449.849999999988,
    "pct3ResTime" : 44081.06999999994,
    "throughput" : 0.4384945604749773,
    "receivedKBytesPerSec" : 0.16871763362025494,
    "sentKBytesPerSec" : 0.1729998070623934
  },
  "products-delete-item" : {
    "transaction" : "products-delete-item",
    "sampleCount" : 100,
    "errorCount" : 4,
    "errorPct" : 4.0,
    "meanResTime" : 5534.110000000001,
    "medianResTime" : 234.0,
    "minResTime" : 24.0,
    "maxResTime" : 60037.0,
    "pct1ResTime" : 18609.0,
    "pct2ResTime" : 34155.34999999996,
    "pct3ResTime" : 60036.89,
    "throughput" : 0.47638783686574915,
    "receivedKBytesPerSec" : 0.14976442621466987,
    "sentKBytesPerSec" : 0.22564221546545474
  },
  "products-set-item-rating-invalid" : {
    "transaction" : "products-set-item-rating-invalid",
    "sampleCount" : 100,
    "errorCount" : 4,
    "errorPct" : 4.0,
    "meanResTime" : 6556.640000000001,
    "medianResTime" : 371.5,
    "minResTime" : 79.0,
    "maxResTime" : 60128.0,
    "pct1ResTime" : 22431.80000000001,
    "pct2ResTime" : 36062.299999999945,
    "pct3ResTime" : 60126.99,
    "throughput" : 0.5099179032175819,
    "receivedKBytesPerSec" : 0.22321855400030594,
    "sentKBytesPerSec" : 0.23665867529702717
  },
  "categories-create-cateogry" : {
    "transaction" : "categories-create-cateogry",
    "sampleCount" : 100,
    "errorCount" : 3,
    "errorPct" : 3.0,
    "meanResTime" : 5863.020000000002,
    "medianResTime" : 203.0,
    "minResTime" : 39.0,
    "maxResTime" : 60027.0,
    "pct1ResTime" : 19168.100000000006,
    "pct2ResTime" : 45757.79999999989,
    "pct3ResTime" : 60026.99,
    "throughput" : 0.47699910324168593,
    "receivedKBytesPerSec" : 0.18298784934221823,
    "sentKBytesPerSec" : 0.23767039302341111
  },
  "products-set-item-rating" : {
    "transaction" : "products-set-item-rating",
    "sampleCount" : 100,
    "errorCount" : 2,
    "errorPct" : 2.0,
    "meanResTime" : 5626.120000000001,
    "medianResTime" : 453.0,
    "minResTime" : 73.0,
    "maxResTime" : 50115.0,
    "pct1ResTime" : 19911.3,
    "pct2ResTime" : 32984.699999999975,
    "pct3ResTime" : 50065.81999999998,
    "throughput" : 0.5092505359861892,
    "receivedKBytesPerSec" : 0.21111020754505594,
    "sentKBytesPerSec" : 0.2436346070113614
  },
  "orders-get-all-orders" : {
    "transaction" : "orders-get-all-orders",
    "sampleCount" : 100,
    "errorCount" : 19,
    "errorPct" : 19.0,
    "meanResTime" : 46681.96,
    "medianResTime" : 45637.0,
    "minResTime" : 18459.0,
    "maxResTime" : 60105.0,
    "pct1ResTime" : 60022.9,
    "pct2ResTime" : 60031.0,
    "pct3ResTime" : 60104.42,
    "throughput" : 0.4058902797395808,
    "receivedKBytesPerSec" : 0.24909137655658922,
    "sentKBytesPerSec" : 0.129068352430471
  },
  "Total" : {
    "transaction" : "Total",
    "sampleCount" : 2200,
    "errorCount" : 81,
    "errorPct" : 3.6818182,
    "meanResTime" : 8618.215909090926,
    "medianResTime" : 376.5,
    "minResTime" : 21.0,
    "maxResTime" : 60146.0,
    "pct1ResTime" : 34114.200000000026,
    "pct2ResTime" : 46603.749999999956,